{
    "mean_age": 33.307132275132275,
    "std_age": 19.866502021488454
}